name	surname	birthday	address	city	telephone
str	str	date	str	str	int
Alphonse	Coil	8/4/1983	9 Britni Menzel Place	Acworth	3475421167
Gerda	Parmenter	18/1/1990	110 Deloise Lueck Course	Rawson	3513716057
Adam	Machuca	9/1/1984	86 Melodi Fillmore Avenue	Kivertsi	3475421167
Bibi	Urquhart	18/4/1958	82 Babette Thornhill Course	Takāb	3513716057
Holley	Ogle	25/1/1965	51 Babette Finkelstein Road	Sanok	3909133768
Serafina	Pearsall	17/11/1958	19 Ilana Windley Crescent	Bydgoszcz	3390728824
Babette	Shumate	3/5/1998	66 Eden Lemus Boulevard	Boundiali	3086301362
Lakisha	Spires	23/7/1981	89 Johnnie Currier Boulevard	Solan	3026173325
Tiffany	Tovar	9/10/1968	141 Tambra Fleetwood Boulevard	Huanren	3362822636
Jerrica	Colvin	25/10/1982	170 Luvenia Sealy Avenue	Ayaviri	3120768390
Tamera	Montero	23/11/2007	200 Georgiann Pemberton Course	Sama	3679427675
Kassandra	Schade	18/4/1998	43 Bailey Greer Boulevard	Wer	3086301362
Miquel	Fergerson	18/11/1982	47 Shantel Mcchesney Crescent	Maracena	3362822636
Dominique	Link	8/11/1950	3 Jerrod Quint Crescent	Homnābād	3390728824
Bulah	Jacquez	17/5/1981	120 Fredericka Vassar Avenue	Drensteinfurt	3399793996
Ilana	Lott	26/7/1983	162 Yon Quint Crescent	Thimphu	3679427675
Kassandra	Fleetwood	11/10/1997	101 Willa Mcalpin Crescent	Zhoushan	3513716057
Kathrine	Parris	10/7/1983	143 Corine Montero Avenue	Bebington	3362822636
Britni	Preece	11/11/1984	24 Marya Gray Place	Bongaigaon	3362822636
Gerda	Brammer	3/4/1984	48 Melodi Covert Avenue	Kemi	3916411592
Eliana	Parris	18/1/1981	124 Emanuel Marrero Place	Giyani	3120768390
Kathrine	Vassar	11/11/1950	37 Georgiann Bergstrom Boulevard	Bongaigaon	3399793996
Jaime	Quiles	18/11/2000	187 Kathrine Fowlkes Place	Shōbara	3909133768
Tilda	Montero	8/5/1950	176 Gidget Fowlkes Crescent	Khardah	3916411592
Kassandra	Preece	18/10/1982	27 Alison Gray Boulevard	Dareda	3916411592
Lloyd	Coil	9/10/1990	143 Julietta Stribling Avenue	Kemi	3679427675
Jeniffer	Link	8/5/1958	56 Daria Kaylor Place	Sama	3513716057
Candis	Baugher	23/4/1950	115 Tilda Pemberton Boulevard	Prairieville	3412435185
Eliana	Moody	23/4/1990	148 Elton Pemberton Avenue	Winona	3362822636
Deirdre	Hilderbrand	3/7/1997	155 Elvie Mcchesney Crescent	Flensburg	3425145645
